time,knee_angle,hip_angle,elbow_angle
0.0,nan,nan,nan
0.03336134453781513,nan,nan,nan
0.06672268907563025,nan,nan,nan
0.10008403361344537,nan,nan,nan
0.1334453781512605,nan,nan,nan
0.16680672268907562,nan,nan,nan
0.20016806722689073,nan,nan,nan
0.23352941176470587,nan,nan,nan
0.266890756302521,nan,nan,nan
0.3002521008403361,nan,nan,nan
0.33361344537815124,nan,nan,nan
0.3669747899159664,nan,nan,nan
0.40033613445378147,nan,nan,nan
0.4336974789915966,nan,nan,nan
0.46705882352941175,nan,nan,nan
0.5004201680672269,nan,nan,nan
0.533781512605042,nan,nan,nan
0.5671428571428572,nan,nan,nan
0.6005042016806722,nan,nan,nan
0.6338655462184873,nan,nan,nan
0.6672268907563025,nan,nan,nan
0.7005882352941176,nan,nan,nan
0.7339495798319328,nan,nan,nan
0.7673109243697479,nan,nan,nan
0.8006722689075629,nan,nan,nan
0.8340336134453781,nan,nan,nan
0.8673949579831932,nan,nan,nan
0.9007563025210084,nan,nan,nan
0.9341176470588235,nan,nan,nan
0.9674789915966386,nan,nan,nan
1.0008403361344538,nan,nan,nan
1.034201680672269,nan,nan,nan
1.067563025210084,nan,nan,nan
1.1009243697478992,nan,nan,nan
1.1342857142857143,nan,nan,nan
1.1676470588235293,nan,nan,nan
1.2010084033613444,nan,nan,nan
1.2343697478991595,nan,nan,nan
1.2677310924369747,nan,nan,nan
1.3010924369747898,nan,nan,nan
1.334453781512605,nan,nan,nan
1.36781512605042,nan,nan,nan
1.4011764705882352,nan,nan,nan
1.4345378151260504,nan,nan,nan
1.4678991596638655,nan,nan,nan
1.5012605042016807,nan,nan,nan
1.5346218487394958,nan,nan,nan
1.567983193277311,nan,nan,nan
1.6013445378151259,nan,nan,nan
1.634705882352941,nan,nan,nan
1.6680672268907561,nan,nan,nan
1.7014285714285713,nan,nan,nan
1.7347899159663864,nan,nan,nan
1.7681512605042016,nan,nan,nan
1.8015126050420167,nan,nan,nan
1.8348739495798319,nan,nan,nan
1.868235294117647,nan,nan,nan
1.9015966386554621,nan,nan,nan
1.9349579831932773,nan,nan,nan
1.9683193277310924,nan,nan,nan
2.0016806722689076,nan,nan,nan
2.0350420168067225,nan,nan,nan
2.068403361344538,nan,nan,nan
2.1017647058823528,nan,nan,nan
2.135126050420168,nan,nan,nan
2.168487394957983,nan,nan,nan
2.2018487394957984,135.49616450016865,106.31506255109257,156.33945317797287
2.2352100840336133,139.2039897517136,109.43431349924111,159.1925378891751
2.2685714285714287,138.6387002591617,109.84558550466791,156.51749384704937
2.3019327731092436,143.28306647062703,112.43809096526049,157.0159075073118
2.3352941176470585,143.19103057461749,115.74247523267225,157.57341589462717
2.368655462184874,146.90321206550107,117.00705248419314,155.3105075579722
2.402016806722689,144.98306993404375,114.95336364079074,158.2766625156308
2.435378151260504,143.6001429240166,115.45285315327594,159.14312508424933
2.468739495798319,143.35012521355586,115.27007500494246,157.4164943719576
2.5021008403361344,143.61132309624975,115.4737617339392,157.6276994104466
2.5354621848739494,142.86511120118698,118.34553045909813,158.6199167510869
2.5688235294117647,142.30074797837057,119.28030680111735,159.05755080182377
2.6021848739495796,135.1492418226559,115.25684253170543,159.79337705949925
2.635546218487395,132.13609822370427,114.8611022767871,159.72688210207284
2.66890756302521,132.24176276059052,116.08221695952935,158.52095006325405
2.7022689075630253,129.79608783481396,114.85616931363394,157.09885072105143
2.73563025210084,130.69615686651963,116.98746086148395,158.2942913043953
2.768991596638655,126.45196770408714,117.93488463015349,162.1422378684859
2.8023529411764705,123.87463279969633,118.36920396780897,158.29389982225595
2.8357142857142854,121.33846238431285,117.27397611277128,161.4952787409089
2.8690756302521008,117.50907795138134,115.8702377836823,160.08526690850593
2.9024369747899157,115.72889693816907,111.9137169257893,160.2785520385712
2.935798319327731,116.31433207621043,111.77484435794082,161.58562112414717
2.969159663865546,112.70536017764755,110.36605070322236,163.01286266233652
3.0025210084033613,113.28795126054952,113.68098073925928,158.61706866740928
3.0358823529411763,112.2261722901516,112.16980561703666,157.00994239375194
3.0692436974789916,109.25524810548988,110.42937676987273,156.54599314115268
3.1026050420168065,107.86926103931322,107.40815976002024,158.0868374802687
3.135966386554622,108.49761112352014,106.92311200840405,158.49853632944516
3.169327731092437,107.55933264136534,107.19945958128513,160.62938730234478
3.2026890756302517,106.36168023020618,110.28136033719582,155.90230390776978
3.236050420168067,105.16672492541439,109.15147003385631,152.73884354199112
3.269411764705882,100.9304203153776,107.04057369485724,155.8855357361667
3.3027731092436974,97.30711210805525,103.27798828509955,156.05638770752122
3.3361344537815123,101.44402886789027,105.45640707636903,155.47122590059456
3.3694957983193277,99.98544200336104,103.58658001348438,156.21550545140238
3.4028571428571426,96.50361036928871,101.83099192287993,152.63155852544097
3.436218487394958,94.84304066337431,101.25994520980075,151.43286386174375
3.469579831932773,95.37036642985436,101.131745134967,151.99015269995698
3.5029411764705882,97.04202203488798,100.71175292643323,153.8914297796339
3.536302521008403,103.7312777301535,104.99990739624766,153.05695948707307
3.5696638655462185,nan,nan,nan
3.6030252100840334,nan,nan,nan
3.6363865546218483,nan,nan,nan
3.6697478991596637,nan,nan,nan
3.7031092436974786,nan,nan,nan
3.736470588235294,nan,nan,nan
3.769831932773109,nan,nan,nan
3.8031932773109243,nan,nan,nan
3.836554621848739,nan,nan,nan
3.8699159663865546,nan,nan,nan
3.9032773109243695,nan,nan,nan
3.936638655462185,nan,nan,nan
3.9699999999999998,nan,nan,nan
4.003361344537815,nan,nan,nan
4.0367226890756305,nan,nan,nan
4.070084033613445,nan,nan,nan
4.10344537815126,nan,nan,nan
4.136806722689076,nan,nan,nan
4.17016806722689,nan,nan,nan
4.2035294117647055,nan,nan,nan
4.236890756302521,nan,nan,nan
4.270252100840336,nan,nan,nan
4.303613445378151,nan,nan,nan
4.336974789915966,nan,nan,nan
4.370336134453781,nan,nan,nan
4.403697478991597,nan,nan,nan
4.437058823529411,nan,nan,nan
4.470420168067227,nan,nan,nan
4.503781512605042,nan,nan,nan
4.537142857142857,nan,nan,nan
4.570504201680672,nan,nan,nan
4.603865546218487,nan,nan,nan
4.637226890756303,nan,nan,nan
4.670588235294117,nan,nan,nan
4.703949579831932,nan,nan,nan
4.737310924369748,nan,nan,nan
4.770672268907563,nan,nan,nan
4.804033613445378,nan,nan,nan
4.837394957983193,nan,nan,nan
4.870756302521008,nan,nan,nan
4.904117647058824,nan,nan,nan
4.937478991596638,nan,nan,nan
4.9708403361344535,nan,nan,nan
5.004201680672269,nan,nan,nan
5.037563025210083,nan,nan,nan
5.070924369747899,nan,nan,nan
5.104285714285714,nan,nan,nan
5.1376470588235295,nan,nan,nan
5.171008403361344,nan,nan,nan
5.204369747899159,nan,nan,nan
5.237731092436975,nan,nan,nan
5.27109243697479,nan,nan,nan
5.3044537815126045,nan,nan,nan
5.33781512605042,nan,nan,nan
5.371176470588235,nan,nan,nan
5.404537815126051,nan,nan,nan
5.437899159663865,nan,nan,nan
5.47126050420168,nan,nan,nan
5.504621848739496,nan,nan,nan
5.53798319327731,nan,nan,nan
5.571344537815126,nan,nan,nan
5.604705882352941,nan,nan,nan
5.638067226890756,nan,nan,nan
5.671428571428571,nan,nan,nan
5.704789915966386,nan,nan,nan
5.7381512605042015,nan,nan,nan
5.771512605042017,nan,nan,nan
5.804873949579831,nan,nan,nan
5.838235294117647,nan,nan,nan
5.871596638655462,nan,nan,nan
5.9049579831932775,nan,nan,nan
5.938319327731092,nan,nan,nan
5.971680672268907,nan,nan,nan
6.005042016806723,nan,nan,nan
6.038403361344537,nan,nan,nan
6.0717647058823525,nan,nan,nan
6.105126050420168,nan,nan,nan
6.138487394957983,nan,nan,nan
6.171848739495798,nan,nan,nan
6.205210084033613,nan,nan,nan
6.238571428571428,nan,nan,nan
6.271932773109244,nan,nan,nan
6.305294117647058,nan,nan,nan
6.338655462184874,nan,nan,nan
6.372016806722689,nan,nan,nan
6.4053781512605035,nan,nan,nan
6.438739495798319,nan,nan,nan
6.472100840336134,nan,nan,nan
6.50546218487395,nan,nan,nan
6.538823529411764,nan,nan,nan
6.572184873949579,nan,nan,nan
6.605546218487395,nan,nan,nan
6.63890756302521,nan,nan,nan
6.672268907563025,nan,nan,nan
6.70563025210084,nan,nan,nan
6.738991596638655,nan,nan,nan
6.772352941176471,nan,nan,nan
6.805714285714285,nan,nan,nan
6.8390756302521005,nan,nan,nan
6.872436974789916,nan,nan,nan
6.90579831932773,nan,nan,nan
6.939159663865546,nan,nan,nan
6.972521008403361,nan,nan,nan
7.0058823529411764,nan,nan,nan
7.039243697478991,nan,nan,nan
7.072605042016806,nan,nan,nan
7.105966386554622,nan,nan,nan
7.139327731092437,nan,nan,nan
7.1726890756302515,nan,nan,nan
7.206050420168067,nan,nan,nan
7.239411764705882,nan,nan,nan
7.272773109243697,nan,nan,nan
7.306134453781512,nan,nan,nan
7.339495798319327,nan,nan,nan
7.372857142857143,nan,nan,nan
7.406218487394957,nan,nan,nan
7.439579831932773,nan,nan,nan
7.472941176470588,nan,nan,nan
7.506302521008403,109.49500867105057,96.04192736567192,146.5714603297895
7.539663865546218,nan,nan,nan
7.573025210084033,nan,nan,nan
7.6063865546218485,115.57377842295905,101.47225393384433,147.6270553349623
7.639747899159664,116.15911110281611,101.22920084568088,149.03442577155835
7.673109243697478,117.65569535416014,102.72785758524647,147.66843058416865
7.706470588235294,118.38463892627705,101.90230703530922,145.9117841531597
7.739831932773109,121.13298477263717,105.5151094926511,148.61656970972822
7.773193277310924,123.28502955252462,106.15450168220127,146.78053271282423
7.806554621848739,126.1468129816993,108.72332546404236,148.5445226806737
7.839915966386554,130.71175647013615,111.05064073015821,153.3389878009726
7.87327731092437,134.96017911373818,112.03696089886878,153.00236845028823
7.906638655462184,132.43990006840613,111.62059284326733,149.77047600575105
7.9399999999999995,133.6653893736088,112.60789195698129,150.3225719468058
7.973361344537815,136.50977890158143,113.56322384797662,148.1571477713758
8.00672268907563,135.5588970165228,113.53198622486107,152.15499715174892
8.040084033613445,140.03793950771123,115.085809127692,155.0385218038884
8.073445378151261,142.95735458481238,116.42867673781913,159.13930792467846
8.106806722689075,137.44230895231325,112.93018152696185,155.8731772054341
8.14016806722689,141.86300115273514,114.46553921111834,159.61013721970036
8.173529411764706,143.20798308050033,114.32949605464509,160.78997014810324
8.20689075630252,144.19285923758525,114.60156431591597,164.86903993412315
8.240252100840335,145.17997760014208,114.01204727157035,166.95603333610686
8.273613445378151,141.67121960994015,112.28802439426147,164.85593955219974
8.306974789915966,141.48661976985616,112.84765790846846,162.64928494037315
8.34033613445378,142.99521426272582,114.72922762980802,165.05170025063242
8.373697478991597,144.1822133755146,115.94437917248182,165.2015795176006
8.407058823529411,144.71306115849893,114.97358036207804,167.12818064644532
8.440420168067227,142.69836002736105,113.6812132289418,168.08785094456655
8.473781512605042,141.37443390702208,111.46618810786295,166.76444268267554
8.507142857142856,142.83374621724428,111.9931752730233,169.9057392550649
8.540504201680672,144.33749695219208,112.1099592451788,173.99589934297938
8.573865546218487,142.90228994619454,110.39067724338022,172.83452134204126
8.607226890756301,137.7929794322824,108.60299654404254,169.6553385572173
8.640588235294118,141.5084193977848,108.17295213650499,173.59474754699204
8.673949579831932,140.33248632801306,106.9665038045438,176.6905653021923
8.707310924369747,141.161869451361,106.30802967584053,178.9428859386987
8.740672268907563,137.62393021863366,104.76012134609778,178.897207724125
8.774033613445377,134.426825401148,103.1977443989032,170.49107476279585
8.807394957983194,135.26257763020496,103.42774428547294,177.95003982186387
8.840756302521008,131.66367901653666,100.43034579293098,171.97514499135863
8.874117647058823,95.58971663495632,84.22423408271561,nan
8.907478991596639,90.29278301944923,84.29031962265242,nan
8.940840336134453,132.38113192083375,106.21899410794019,nan
8.974201680672268,134.4113613886907,nan,nan
9.007563025210084,128.63628464433884,nan,nan
9.040924369747898,125.54766353939546,nan,nan
9.074285714285715,136.94704984009022,nan,nan
9.10764705882353,nan,nan,nan
9.141008403361344,nan,nan,nan
9.17436974789916,nan,nan,nan
9.207731092436974,nan,nan,nan
9.241092436974789,nan,nan,nan
9.274453781512605,nan,nan,nan
9.30781512605042,nan,nan,nan
9.341176470588234,nan,nan,nan
9.37453781512605,nan,nan,nan
9.407899159663865,nan,nan,nan
9.441260504201681,nan,nan,nan
9.474621848739496,nan,nan,nan
9.50798319327731,nan,nan,nan
9.541344537815126,nan,nan,nan
9.57470588235294,nan,nan,nan
9.608067226890755,nan,nan,nan
9.641428571428571,nan,nan,nan
9.674789915966386,nan,nan,nan
9.7081512605042,nan,nan,nan
9.741512605042017,nan,nan,nan
9.774873949579831,nan,nan,nan
9.808235294117647,nan,nan,nan
9.841596638655462,nan,nan,nan
9.874957983193276,nan,nan,nan
9.908319327731093,nan,nan,nan
9.941680672268907,nan,nan,nan
9.975042016806722,nan,nan,nan
10.008403361344538,nan,nan,nan
10.041764705882352,nan,nan,nan
10.075126050420167,nan,nan,nan
10.108487394957983,nan,nan,nan
10.141848739495797,nan,nan,nan
10.175210084033614,nan,nan,nan
10.208571428571428,nan,nan,nan
10.241932773109243,nan,nan,nan
10.275294117647059,nan,nan,nan
10.308655462184873,nan,nan,nan
10.342016806722688,nan,nan,nan
10.375378151260504,nan,nan,nan
10.408739495798319,nan,nan,nan
10.442100840336135,nan,nan,nan
10.47546218487395,nan,nan,nan
10.508823529411764,nan,nan,nan
10.54218487394958,nan,nan,nan
10.575546218487395,nan,nan,nan
10.608907563025209,nan,nan,nan
10.642268907563025,nan,nan,nan
10.67563025210084,nan,nan,nan
10.708991596638654,nan,nan,nan
10.74235294117647,nan,nan,nan
10.775714285714285,nan,nan,nan
10.809075630252101,nan,nan,nan
10.842436974789916,nan,nan,nan
10.87579831932773,nan,nan,nan
10.909159663865546,nan,nan,nan
10.94252100840336,nan,nan,nan
10.975882352941175,nan,nan,nan
11.009243697478992,nan,nan,nan
11.042605042016806,nan,nan,nan
11.07596638655462,nan,nan,nan
11.109327731092437,nan,nan,nan
11.142689075630251,nan,nan,nan
11.176050420168067,nan,nan,nan
11.209411764705882,nan,nan,nan
11.242773109243696,nan,nan,nan
11.276134453781513,nan,nan,nan
11.309495798319327,nan,nan,nan
11.342857142857142,nan,nan,nan
11.376218487394958,nan,nan,nan
11.409579831932772,nan,nan,nan
11.442941176470587,nan,nan,nan
11.476302521008403,nan,nan,nan
11.509663865546218,nan,nan,nan
11.543025210084034,nan,nan,nan
11.576386554621848,nan,nan,nan
11.609747899159663,nan,nan,nan
11.643109243697479,nan,nan,nan
11.676470588235293,nan,nan,nan
11.709831932773108,nan,nan,nan
11.743193277310924,nan,nan,nan
11.776554621848739,nan,nan,nan
11.809915966386555,nan,nan,nan
11.84327731092437,nan,nan,nan
11.876638655462184,nan,nan,nan
11.91,nan,nan,nan
11.943361344537815,nan,nan,nan
11.976722689075629,nan,nan,nan
12.010084033613445,nan,nan,nan
12.04344537815126,nan,nan,nan
12.076806722689074,nan,nan,nan
12.11016806722689,nan,nan,nan
12.143529411764705,nan,nan,nan
12.176890756302521,nan,nan,nan
12.210252100840336,nan,nan,nan
12.24361344537815,nan,nan,nan
12.276974789915966,nan,nan,nan
12.310336134453781,nan,nan,nan
12.343697478991595,nan,nan,nan
12.377058823529412,nan,nan,nan
12.410420168067226,nan,nan,nan
12.44378151260504,nan,nan,nan
12.477142857142857,nan,nan,nan
12.510504201680671,nan,nan,nan
12.543865546218488,nan,nan,nan
12.577226890756302,nan,nan,nan
12.610588235294117,nan,nan,nan
12.643949579831933,nan,nan,nan
12.677310924369747,nan,nan,nan
12.710672268907562,nan,nan,nan
12.744033613445378,nan,nan,nan
12.777394957983192,nan,nan,nan
12.810756302521007,nan,nan,nan
12.844117647058823,nan,nan,nan
12.877478991596638,nan,nan,nan
12.910840336134454,nan,nan,nan
12.944201680672268,nan,nan,nan
12.977563025210083,nan,nan,nan
13.0109243697479,nan,nan,nan
13.044285714285714,111.84318063370486,85.85828705714538,154.43409576529828
13.077647058823528,nan,nan,nan
13.111008403361344,112.75812222761333,90.2353568369994,152.4200970877754
13.144369747899159,112.09365903429658,91.97462403188466,151.99018848019193
13.177731092436975,114.90553695186061,91.68651858441672,155.1613549891911
13.21109243697479,115.04299947601321,91.72423025202542,157.73518166618553
13.244453781512604,115.85269049952562,92.08707776672652,155.27038051932664
13.27781512605042,118.39359711501052,92.75896961041319,153.4001908082926
13.311176470588235,120.97834687747196,94.0898884454465,155.36939089253414
13.34453781512605,121.87093889760594,98.57448177285193,157.04896148911567
13.377899159663865,128.01273439884406,100.55597121872853,160.53022652681366
13.41126050420168,127.02759655678821,102.27855132497851,160.0844744081149
13.444621848739494,125.34952662975466,99.7242092946184,155.62559799189336
13.47798319327731,131.14488577719933,100.96746163006088,153.63084121884822
13.511344537815125,133.12058745108317,102.36353106390708,156.85352860264032
13.544705882352941,132.83671962660546,103.0352759294683,158.10960187255304
13.578067226890756,135.8056202186275,104.68270356329758,156.5638441596401
13.61142857142857,135.6976875978519,105.67664278633994,155.9155200259261
13.644789915966387,135.4945259029876,107.38631465677726,156.93020074744962
13.678151260504201,135.5677908135978,108.59033399804427,153.6163929586884
13.711512605042016,134.40202373723747,105.22113530984404,155.62441114291852
13.744873949579832,135.66788151883696,104.56382866637925,154.68768223093025
13.778235294117646,135.48900675284088,106.8313279196661,150.77321299976944
13.81159663865546,135.49486070338986,106.58911510773586,152.26539733492223
13.844957983193277,132.99912677784513,105.65152666592412,152.61431250813962
13.878319327731091,133.3737506681329,107.42674884381498,154.13128733762147
13.911680672268908,129.88112665721775,102.67267451985873,149.3803779231929
13.945042016806722,129.814547094626,103.16946138967558,153.78002340983198
13.978403361344537,130.91666287708162,105.86785528433563,153.95785139775134
14.011764705882353,132.04386773225312,107.30045791804584,153.7542310577052
14.045126050420167,132.29096194917202,108.46665866257811,154.85190630299675
14.078487394957982,132.1750266630438,108.30420241050743,157.17563459771503
14.111848739495798,131.51867119190396,106.00557556550449,154.126714328279
14.145210084033613,127.58777680128519,104.12292233211627,152.43503717414703
14.178571428571427,126.80702524846429,103.88345055430676,153.0868902226526
14.211932773109243,126.8852139992132,105.44892992363434,152.86150727225422
14.245294117647058,124.94626112987302,105.21605853997971,153.57382112636554
14.278655462184874,125.10654151931394,106.25797155464629,156.12698046893598
14.312016806722689,125.87892619927366,103.82594673011205,154.46244073648666
14.345378151260503,123.66926210679605,102.78604328608242,149.80341023471226
14.37873949579832,122.87911779200711,102.66471818110165,150.3251236927329
14.412100840336134,120.31958995164494,103.35750543469607,152.86058874294255
14.445462184873948,117.70571332796949,104.10845711194041,153.43458972253146
14.478823529411764,116.38862482193682,105.47532877809772,153.83133929746242
14.512184873949579,115.31464567286667,104.75886023790054,154.55017959823405
14.545546218487393,113.10587657700162,102.76049846144171,153.69289100171198
14.57890756302521,110.38274872115518,101.19092695146111,153.8547671667266
14.612268907563024,110.15222530112162,97.99447002129247,152.55384084066046
14.64563025210084,107.67187061243187,96.757121697808,153.044119002706
14.678991596638655,104.53636173759827,96.20574599076859,152.7999832471761
14.71235294117647,105.0707619360214,96.38232838981712,152.06598499167785
14.745714285714286,105.75647973099572,98.20742598319501,151.05003281175468
14.7790756302521,103.60080890779687,96.35815615693278,150.15730337183945
14.812436974789915,103.74726424255813,95.18674078722475,152.1891412226933
14.84579831932773,99.46699977091559,92.33759174981513,152.53819236752597
14.879159663865545,101.15045851787868,93.64593953241888,153.63013943238525
14.912521008403361,98.77847667009668,92.28280901678674,152.06765830219683
14.945882352941176,98.03342000057161,90.86428540252643,145.85910056079362
14.97924369747899,98.23937173783746,89.14159354330761,146.4268359947388
15.012605042016807,99.6287008397867,89.6573545945758,152.84848061061396
15.045966386554621,100.4074244031407,89.95393071095246,153.76827308056977
15.079327731092436,100.17708304799505,90.19290854123939,153.45374865060492
15.112689075630252,96.75932378041217,88.39898611814314,150.09596560290515
15.146050420168066,94.7607885674831,86.01337929490803,151.12016766053642
15.17941176470588,94.31306448537327,84.24366349126039,154.5439008334446
15.212773109243697,91.48562304549513,82.51478698360495,156.44185645185098
15.246134453781512,94.67048497542194,85.27359652235596,157.4404042251918
15.279495798319328,90.01319923065806,83.4414413607205,155.42639622497225
15.312857142857142,84.61707010315737,80.06415088827836,151.84570125838687
15.346218487394957,84.70115116011533,79.04475921239275,154.1935793683112
15.379579831932773,86.0948559235848,80.62340272447965,154.74177729206573
15.412941176470587,84.05866369647309,78.9296823122196,155.33470176330863
15.446302521008402,83.76516071032847,78.66154022238813,153.35303426317728
15.479663865546218,78.30269803405396,76.48445186170707,151.68252882507394
15.513025210084033,72.24026530346961,72.00273759340396,152.19313908732173
15.546386554621847,77.81333252646716,74.28562644089557,157.02691477334906
15.579747899159663,83.13238382490844,78.51218609043252,159.25459609128495
15.613109243697478,85.62832363783318,79.51569622239133,161.66337964613842
15.646470588235294,87.33417368972621,79.99985322667527,163.1275031524289
15.679831932773109,86.87409217192564,79.70394382522757,162.45550014723668
15.713193277310923,85.68508320780796,75.96721877150992,162.58788430582385
15.74655462184874,88.34648864857323,76.2397613296333,163.0022400873389
15.779915966386554,92.36501339194427,80.62140569831874,166.2331708360347
15.813277310924368,94.67207757838702,81.15522199659081,168.5530613433092
15.846638655462185,97.65750267856906,84.10827204209305,170.6029873286699
15.879999999999999,101.31302696738223,84.33641215247908,169.1413319921616
15.913361344537813,104.22559037842818,85.32780355598116,169.53951412289348
15.94672268907563,102.73832234615207,83.96601109477633,171.5493809184526
15.980084033613444,105.72882142773574,85.5772498571302,174.0932107234376
16.01344537815126,107.6843828062341,85.91453150676851,174.53855675391767
16.046806722689073,107.79255936654185,86.22169583863621,174.06451264422998
16.08016806722689,113.73311118446343,89.21303688791672,178.49791418148482
16.113529411764706,115.66181393588359,88.59406965530471,179.4806311270872
16.146890756302522,119.36345356207953,91.744958530062,176.36663573087105
16.180252100840335,121.66385921703834,95.72815977201859,176.10447345018582
16.21361344537815,121.68088043024323,97.14382588259603,179.58670466142473
16.246974789915967,121.67465379953772,98.01617150492055,179.07141984312247
16.28033613445378,125.18367211185081,101.79553235268432,177.24789508284334
16.313697478991596,127.51899469883219,104.67531853074101,174.8890280402921
16.347058823529412,130.06562010531457,109.1543984727383,172.65429424847906
16.380420168067225,133.09354323624956,116.16522581204487,170.6440404822916
16.41378151260504,nan,nan,nan
16.447142857142858,nan,nan,nan
16.48050420168067,nan,nan,nan
16.513865546218486,nan,nan,nan
16.547226890756303,nan,nan,nan
16.580588235294115,nan,nan,nan
16.61394957983193,nan,nan,nan
16.647310924369748,nan,nan,nan
16.68067226890756,nan,nan,nan
16.714033613445377,nan,nan,nan
16.747394957983193,nan,nan,nan
16.78075630252101,nan,nan,nan
16.814117647058822,nan,nan,nan
16.84747899159664,nan,nan,nan
16.880840336134455,nan,nan,nan
16.914201680672267,nan,nan,nan
16.947563025210084,nan,nan,nan
16.9809243697479,nan,nan,nan
17.014285714285712,nan,nan,nan
17.04764705882353,nan,nan,nan
17.081008403361345,nan,nan,nan
17.114369747899158,nan,nan,nan
17.147731092436974,nan,nan,nan
17.18109243697479,nan,nan,nan
17.214453781512603,nan,nan,nan
17.24781512605042,nan,nan,nan
17.281176470588235,nan,nan,nan
17.314537815126048,nan,nan,nan
17.347899159663864,nan,nan,nan
17.38126050420168,nan,nan,nan
17.414621848739493,nan,nan,nan
17.44798319327731,nan,nan,nan
17.481344537815126,nan,nan,nan
17.514705882352942,nan,nan,nan
17.548067226890755,nan,nan,nan
17.58142857142857,nan,nan,nan
17.614789915966387,nan,nan,nan
17.6481512605042,nan,nan,nan
17.681512605042016,nan,nan,nan
17.714873949579832,nan,nan,nan
17.748235294117645,nan,nan,nan
17.78159663865546,nan,nan,nan
17.814957983193278,nan,nan,nan
17.84831932773109,nan,nan,nan
17.881680672268907,nan,nan,nan
17.915042016806723,nan,nan,nan
17.948403361344536,nan,nan,nan
17.98176470588235,nan,nan,nan
18.015126050420168,nan,nan,nan
18.04848739495798,nan,nan,nan
18.081848739495797,nan,nan,nan
18.115210084033613,nan,nan,nan
18.14857142857143,nan,nan,nan
18.181932773109242,nan,nan,nan
18.21529411764706,nan,nan,nan
18.248655462184875,nan,nan,nan
18.282016806722687,nan,nan,nan
18.315378151260504,nan,nan,nan
18.34873949579832,nan,nan,nan
18.382100840336133,nan,nan,nan
18.41546218487395,nan,nan,nan
18.448823529411765,nan,nan,nan
18.482184873949578,nan,nan,nan
18.515546218487394,nan,nan,nan
18.54890756302521,nan,nan,nan
18.582268907563023,nan,nan,nan
18.61563025210084,nan,nan,nan
18.648991596638655,nan,nan,nan
18.682352941176468,nan,nan,nan
18.715714285714284,nan,nan,nan
18.7490756302521,nan,nan,nan
18.782436974789913,nan,nan,nan
18.81579831932773,nan,nan,nan
18.849159663865546,nan,nan,nan
18.882521008403362,nan,nan,nan
18.915882352941175,nan,nan,nan
18.94924369747899,nan,nan,nan
18.982605042016807,nan,nan,nan
19.01596638655462,145.27767259648854,110.7117235544048,155.3824319263562
19.049327731092436,138.75962953096897,107.79710765916228,151.75879510462158
19.082689075630253,133.9795665962978,105.83225939361103,157.50144746196247
19.116050420168065,137.81833635444636,107.30821271790566,159.5341774831069
19.14941176470588,138.6803319025362,109.16925153226424,159.64390273786586
19.182773109243698,144.65080267772538,114.73349064507096,159.69155391723214
19.21613445378151,148.8303610787954,116.58956078664121,158.8620814703834
19.249495798319327,148.67277984344253,116.50843963963325,156.7773002107779
19.282857142857143,148.6285960393744,116.89144426261348,157.6814539693572
19.316218487394956,144.39600041404321,114.39169579407071,159.3489618567713
19.349579831932772,144.92563151398815,116.0465359435204,157.92618298758117
19.382941176470588,149.69921819563777,119.9681746594368,158.1236978192647
19.4163025210084,156.37717239303325,124.02549131420051,157.33465816434915
19.449663865546217,158.23294550825779,127.41711243513475,155.34948031538738
19.483025210084033,155.57940590073133,126.55236622120474,157.15730563419874
19.51638655462185,153.36248717887605,127.41138504076862,160.96915057134052
19.549747899159662,148.88358150305928,125.99180409166843,160.87135135644624
19.58310924369748,146.820806048198,127.39472171539283,162.36116620596923
19.616470588235295,149.79406386109005,129.88884423180264,161.51173850161197
19.649831932773107,152.97753934701504,132.7879241470137,160.43613837138957
19.683193277310924,151.8447216363097,132.61022702426118,158.06846951413644
19.71655462184874,150.2540677745678,131.1016911658939,159.27040775934793
19.749915966386553,145.26779277692646,129.1808915155051,162.1312736047911
19.78327731092437,140.7220821375752,128.41786362747152,159.7805517268435
19.816638655462185,140.22258423469265,128.10513095768172,159.56157162187247
19.849999999999998,140.6676650699341,127.37194942758941,158.08062546073464
19.883361344537814,139.27442169238958,130.7338106882198,155.78287828978674
19.91672268907563,132.68290197535987,127.12255972459646,152.77706415797581
19.950084033613443,129.5267112345204,124.04830028259876,159.04972387156982
19.98344537815126,123.558273893762,120.9340307001404,158.0777915282221
20.016806722689076,119.68818114454369,118.51397327956231,156.2647527923691
20.05016806722689,117.50886102079448,118.53495682583116,151.4246430716664
20.083529411764705,116.24006963112569,115.05605005984864,147.3376776464556
20.11689075630252,115.31453995340662,117.0865575467205,147.56609473040973
20.150252100840333,114.95967250149711,118.80650736521164,151.66609465707447
20.18361344537815,115.538416507979,117.55175560818161,151.99877150620185
20.216974789915966,111.74078073519821,114.45606288188384,151.87252538350702
20.250336134453782,111.98328803060211,114.98050764044872,150.92189331601597
20.283697478991595,111.9911643674196,116.56682703062961,146.81415150024122
20.31705882352941,110.64778200970149,114.68931053219228,140.595595977341
20.350420168067227,112.03806534784272,115.87323607155936,139.78738591703186
20.38378151260504,109.17549707151097,115.13849591375875,145.96482502323713
20.417142857142856,108.48478263518676,111.57300092652221,149.0045665127335
20.450504201680673,104.40876981097679,108.50321226033306,148.81602587680425
20.483865546218485,101.99914482862565,106.58714488030006,149.72404106706713
20.5172268907563,103.05467513756885,111.640685706472,145.27995017231703
20.550588235294118,nan,nan,nan
20.58394957983193,nan,nan,nan
20.617310924369747,nan,nan,nan
20.650672268907563,nan,nan,nan
20.684033613445376,nan,nan,nan
20.717394957983192,nan,nan,nan
20.750756302521008,nan,nan,nan
20.78411764705882,nan,nan,nan
20.817478991596637,nan,nan,nan
20.850840336134453,nan,nan,nan
20.88420168067227,nan,nan,nan
20.917563025210082,nan,nan,nan
20.9509243697479,nan,nan,nan
20.984285714285715,nan,nan,nan
21.017647058823528,nan,nan,nan
21.051008403361344,nan,nan,nan
21.08436974789916,nan,nan,nan
21.117731092436973,nan,nan,nan
21.15109243697479,nan,nan,nan
21.184453781512605,nan,nan,nan
21.217815126050418,nan,nan,nan
21.251176470588234,nan,nan,nan
21.28453781512605,nan,nan,nan
21.317899159663863,nan,nan,nan
21.35126050420168,nan,nan,nan
21.384621848739496,nan,nan,nan
21.41798319327731,nan,nan,nan
21.451344537815125,nan,nan,nan
21.48470588235294,nan,nan,nan
21.518067226890754,nan,nan,nan
21.55142857142857,nan,nan,nan
21.584789915966386,nan,nan,nan
21.618151260504202,nan,nan,nan
21.651512605042015,nan,nan,nan
21.68487394957983,nan,nan,nan
21.718235294117648,nan,nan,nan
21.75159663865546,nan,nan,nan
21.784957983193276,nan,nan,nan
21.818319327731093,nan,nan,nan
21.851680672268905,nan,nan,nan
21.88504201680672,nan,nan,nan
21.918403361344538,nan,nan,nan
21.95176470588235,nan,nan,nan
21.985126050420167,nan,nan,nan
22.018487394957983,nan,nan,nan
22.051848739495796,nan,nan,nan
22.085210084033612,nan,nan,nan
22.11857142857143,nan,nan,nan
22.15193277310924,nan,nan,nan
22.185294117647057,nan,nan,nan
22.218655462184874,nan,nan,nan
22.25201680672269,nan,nan,nan
22.285378151260502,nan,nan,nan
22.31873949579832,nan,nan,nan
22.352100840336135,nan,nan,nan
22.385462184873948,nan,nan,nan
22.418823529411764,nan,nan,nan
22.45218487394958,nan,nan,nan
22.485546218487393,nan,nan,nan
22.51890756302521,nan,nan,nan
22.552268907563025,nan,nan,nan
22.585630252100838,nan,nan,nan
22.618991596638654,nan,nan,nan
22.65235294117647,nan,nan,nan
22.685714285714283,nan,nan,nan
22.7190756302521,nan,nan,nan
22.752436974789916,nan,nan,nan
22.78579831932773,nan,nan,nan
22.819159663865545,nan,nan,nan
22.85252100840336,nan,nan,nan
22.885882352941174,nan,nan,nan
22.91924369747899,nan,nan,nan
22.952605042016806,nan,nan,nan
22.985966386554622,nan,nan,nan
23.019327731092435,nan,nan,nan
23.05268907563025,nan,nan,nan
23.086050420168068,nan,nan,nan
23.11941176470588,nan,nan,nan
23.152773109243697,nan,nan,nan
23.186134453781513,nan,nan,nan
23.219495798319326,nan,nan,nan
23.252857142857142,nan,nan,nan
23.286218487394958,nan,nan,nan
23.31957983193277,nan,nan,nan
23.352941176470587,nan,nan,nan
23.386302521008403,nan,nan,nan
23.419663865546216,nan,nan,nan
23.453025210084032,nan,nan,nan
23.48638655462185,nan,nan,nan
23.51974789915966,128.23040904391954,118.24116904607818,159.16786123556363
23.553109243697477,127.59485946604897,117.8000047499802,159.26584215881118
23.586470588235294,125.94859727266336,117.12195006568324,156.10244378288252
23.61983193277311,127.18445513816529,120.38299215821455,158.14739135136062
23.653193277310923,129.02671148317077,123.660129511277,159.01309822536024
23.68655462184874,127.87318519753634,124.71878418912154,157.49839026564587
23.719915966386555,122.78168739771236,118.46831293125982,154.66646195089928
23.753277310924368,121.14555268833395,118.25366021530589,154.22521384214753
23.786638655462184,121.44515019013309,119.16618562485795,154.99198417127005
23.82,118.26440784935748,117.88865739757529,153.7511278436714
23.853361344537813,115.94180018004218,116.85762488165788,154.39420905263478
23.88672268907563,109.04484442126386,110.77737810679554,154.48253059039337
23.920084033613445,111.68311886160572,113.39904172238676,154.18115647957757
23.953445378151258,109.75199087196597,111.18173367102305,153.10478443970376
23.986806722689074,106.66899334843981,109.43126880992351,154.26823767539884
24.02016806722689,104.0447716853924,107.6903536624105,156.03634266043466
24.053529411764703,102.90890900285044,106.25686468968487,155.62045031820142
24.08689075630252,100.6577098793064,104.77129406463503,152.98190138602143
24.120252100840336,97.08605016614936,101.90953520284144,152.18891204140135
24.15361344537815,91.27572754345488,95.06786558210494,151.76477871389756
24.186974789915965,96.91784073984908,99.18476759325371,155.64748866732924
24.22033613445378,89.32621287353477,91.79999040834427,152.84172331735672
24.253697478991594,84.58877389508874,88.12042871160104,151.96126824867534
24.28705882352941,93.19426850659673,94.25937067287923,158.0459166097397
24.320420168067226,83.6761730429325,86.92455455718002,153.66720330939998
24.353781512605043,79.21785738008047,84.34375099174987,151.832447795139
24.387142857142855,83.47116646607464,86.37417706937306,154.21022488403378
24.42050420168067,89.28859425501395,88.48167517271015,153.00562475229628
24.453865546218488,89.83642326308299,87.10183498129247,154.0583730690715
24.4872268907563,82.97570883658025,82.75436522013837,153.38099565027105
24.520588235294117,90.97583543347191,84.91562711508298,153.46224401832845
24.553949579831933,96.9581139840259,91.26433072414906,155.95081442719658
24.587310924369746,96.61527003160796,90.71246191186118,156.31318975494756
24.620672268907562,95.17462291322833,92.05457929171645,155.9627023469067
24.654033613445378,92.0194401961281,90.30331730362282,157.56365798889908
24.68739495798319,92.12737684954172,92.81664033847738,157.8359733511437
24.720756302521007,90.63397828902386,92.2825892154733,155.21292676288587
24.754117647058823,84.25477436519175,87.29484281238274,148.91227076837876
24.787478991596636,89.15319927885656,90.27802227703891,155.90727550565782
24.820840336134452,93.64896581206703,94.85344996553481,156.0764461596084
24.85420168067227,94.6120144572877,97.5574157010604,153.9204214085346
24.88756302521008,89.19680097984327,92.74524347541038,147.11797916707047
24.920924369747897,89.45922412174787,92.59591842444998,147.1691940733138
24.954285714285714,nan,nan,nan
24.98764705882353,nan,nan,nan
25.021008403361343,nan,nan,nan
25.05436974789916,nan,nan,nan
25.087731092436975,nan,nan,nan
25.121092436974788,nan,nan,nan
25.154453781512604,nan,nan,nan
25.18781512605042,nan,nan,nan
25.221176470588233,nan,nan,nan
25.25453781512605,nan,nan,nan
25.287899159663866,nan,nan,nan
25.32126050420168,nan,nan,nan
25.354621848739495,nan,nan,nan
25.38798319327731,nan,nan,nan
25.421344537815123,nan,nan,nan
25.45470588235294,nan,nan,nan
25.488067226890756,nan,nan,nan
25.52142857142857,nan,nan,nan
25.554789915966385,nan,nan,nan
25.5881512605042,nan,nan,nan
25.621512605042014,nan,nan,nan
25.65487394957983,nan,nan,nan
25.688235294117646,nan,nan,nan
25.721596638655463,nan,nan,nan
25.754957983193275,nan,nan,nan
25.78831932773109,nan,nan,nan
25.821680672268908,nan,nan,nan
25.85504201680672,nan,nan,nan
25.888403361344537,nan,nan,nan
25.921764705882353,nan,nan,nan
25.955126050420166,nan,nan,nan
25.988487394957982,nan,nan,nan
26.0218487394958,nan,nan,nan
26.05521008403361,nan,nan,nan
26.088571428571427,nan,nan,nan
26.121932773109243,nan,nan,nan
26.155294117647056,nan,nan,nan
26.188655462184872,nan,nan,nan
26.22201680672269,nan,nan,nan
26.2553781512605,nan,nan,nan
26.288739495798318,nan,nan,nan
26.322100840336134,nan,nan,nan
26.35546218487395,nan,nan,nan
26.388823529411763,nan,nan,nan
26.42218487394958,nan,nan,nan
26.455546218487395,nan,nan,nan
26.488907563025208,nan,nan,nan
26.522268907563024,nan,nan,nan
26.55563025210084,nan,nan,nan
26.588991596638653,nan,nan,nan
26.62235294117647,nan,nan,nan
26.655714285714286,nan,nan,nan
26.6890756302521,nan,nan,nan
26.722436974789915,nan,nan,nan
26.75579831932773,nan,nan,nan
26.789159663865544,nan,nan,nan
26.82252100840336,nan,nan,nan
26.855882352941176,nan,nan,nan
26.88924369747899,nan,nan,nan
26.922605042016805,nan,nan,nan
26.95596638655462,nan,nan,nan
26.989327731092434,nan,nan,nan
27.02268907563025,nan,nan,nan
27.056050420168066,nan,nan,nan
27.089411764705883,nan,nan,nan
27.122773109243695,nan,nan,nan
27.15613445378151,nan,nan,nan
27.189495798319328,nan,nan,nan
27.22285714285714,nan,nan,nan
27.256218487394957,nan,nan,nan
27.289579831932773,nan,nan,nan
27.322941176470586,nan,nan,nan
27.356302521008402,nan,nan,nan
27.38966386554622,nan,nan,nan
27.42302521008403,nan,nan,nan
27.456386554621847,nan,nan,nan
27.489747899159664,nan,nan,nan
27.523109243697476,nan,nan,nan
27.556470588235292,nan,nan,nan
27.58983193277311,nan,nan,nan
27.62319327731092,nan,nan,nan
27.656554621848738,nan,nan,nan
27.689915966386554,nan,nan,nan
27.72327731092437,nan,nan,nan
27.756638655462183,nan,nan,nan
27.79,nan,nan,nan
27.823361344537815,nan,nan,nan
27.856722689075628,nan,nan,nan
27.890084033613444,nan,nan,nan
27.92344537815126,nan,nan,nan
27.956806722689073,nan,nan,nan
27.99016806722689,nan,nan,nan
28.023529411764706,nan,nan,nan
28.05689075630252,nan,nan,nan
28.090252100840335,nan,nan,nan
28.12361344537815,nan,nan,nan
28.156974789915964,nan,nan,nan
28.19033613445378,nan,nan,nan
28.223697478991596,nan,nan,nan
28.25705882352941,nan,nan,nan
28.290420168067225,nan,nan,nan
28.32378151260504,nan,nan,nan
28.357142857142854,nan,nan,nan
28.39050420168067,77.20772011980763,68.40290995216931,156.61384262650154
28.423865546218487,79.5458490308882,68.21904938940446,156.38072260482528
28.457226890756303,79.70110306801534,68.05103322025099,161.13586042131612
28.490588235294116,79.23163014845457,67.09500596069473,164.68791912697108
28.523949579831932,81.55414211381785,68.58093848020408,172.42735511928154
28.557310924369748,85.05100426665321,69.50860318234251,169.51193371630674
28.59067226890756,112.71032108476665,nan,nan
28.624033613445377,111.97516995092828,nan,nan
28.657394957983193,107.8077151738546,nan,nan
28.690756302521006,107.49460661491914,nan,nan
28.724117647058822,110.73765820506723,nan,nan
28.75747899159664,119.57713429351239,nan,nan
28.79084033613445,127.4502635137006,nan,nan
28.824201680672267,134.75633946877196,nan,nan
28.857563025210084,140.51257389836735,nan,nan
28.890924369747896,146.25556870536693,nan,nan
28.924285714285713,162.51292660987497,nan,nan
28.95764705882353,nan,nan,nan
28.99100840336134,nan,nan,nan
29.024369747899158,nan,nan,nan
29.057731092436974,nan,nan,nan
29.091092436974787,nan,nan,nan
29.124453781512603,nan,nan,nan
29.15781512605042,nan,nan,nan
29.191176470588236,nan,nan,nan
29.224537815126048,nan,nan,nan
29.257899159663864,nan,nan,nan
29.29126050420168,nan,nan,nan
29.324621848739493,nan,nan,nan
29.35798319327731,nan,nan,nan
29.391344537815126,nan,nan,nan
29.42470588235294,nan,nan,nan
29.458067226890755,nan,nan,nan
29.49142857142857,nan,nan,nan
29.524789915966384,nan,nan,nan
29.5581512605042,nan,nan,nan
29.591512605042016,nan,nan,nan
29.62487394957983,nan,nan,nan
29.658235294117645,nan,nan,nan
29.69159663865546,nan,nan,nan
29.724957983193274,nan,nan,nan
29.75831932773109,nan,nan,nan
29.791680672268907,nan,nan,nan
29.825042016806723,nan,nan,nan
29.858403361344536,nan,nan,nan
29.891764705882352,nan,nan,nan
29.925126050420168,nan,nan,nan
29.95848739495798,nan,nan,nan
29.991848739495797,nan,nan,nan
30.025210084033613,nan,nan,nan
30.058571428571426,nan,nan,nan
30.091932773109242,nan,nan,nan
30.12529411764706,nan,nan,nan
30.15865546218487,nan,nan,nan
30.192016806722688,nan,nan,nan
30.225378151260504,nan,nan,nan
30.258739495798316,nan,nan,nan
30.292100840336133,nan,nan,nan
30.32546218487395,nan,nan,nan
30.35882352941176,nan,nan,nan
30.392184873949578,nan,nan,nan
30.425546218487394,nan,nan,nan
30.458907563025207,nan,nan,nan
30.492268907563023,nan,nan,nan
30.52563025210084,nan,nan,nan
30.558991596638656,nan,nan,nan
30.59235294117647,nan,nan,nan
30.625714285714285,nan,nan,nan
30.6590756302521,nan,nan,nan
30.692436974789914,nan,nan,nan
30.72579831932773,nan,nan,nan
30.759159663865546,nan,nan,nan
30.79252100840336,nan,nan,nan
30.825882352941175,nan,nan,nan
30.85924369747899,nan,nan,nan
30.892605042016804,nan,nan,nan
30.92596638655462,nan,nan,nan
30.959327731092436,nan,nan,nan
30.99268907563025,nan,nan,nan
31.026050420168065,nan,nan,nan
31.05941176470588,nan,nan,nan
31.092773109243694,nan,nan,nan
31.12613445378151,nan,nan,nan
31.159495798319327,nan,nan,nan
31.192857142857143,nan,nan,nan
31.226218487394956,nan,nan,nan
31.259579831932772,nan,nan,nan
31.29294117647059,nan,nan,nan
31.3263025210084,nan,nan,nan
31.359663865546217,nan,nan,nan
31.393025210084033,nan,nan,nan
31.426386554621846,nan,nan,nan
31.459747899159662,nan,nan,nan
31.49310924369748,nan,nan,nan
31.52647058823529,nan,nan,nan
31.559831932773108,nan,nan,nan
31.593193277310924,nan,nan,nan
31.626554621848737,nan,nan,nan
31.659915966386553,nan,nan,nan
31.69327731092437,nan,nan,nan
31.72663865546218,nan,nan,nan
31.759999999999998,nan,nan,nan
31.793361344537814,nan,nan,nan
31.826722689075627,nan,nan,nan
31.860084033613443,nan,nan,nan
31.89344537815126,nan,nan,nan
31.926806722689076,nan,nan,nan
31.96016806722689,nan,nan,nan
31.993529411764705,nan,nan,nan
32.02689075630252,nan,nan,nan
32.06025210084034,nan,nan,nan
32.093613445378146,nan,nan,nan
32.12697478991596,nan,nan,nan
32.16033613445378,nan,nan,nan
32.193697478991595,nan,nan,nan
32.22705882352941,nan,nan,nan
32.26042016806723,nan,nan,nan
32.293781512605044,nan,nan,nan
32.32714285714285,nan,nan,nan
32.36050420168067,nan,nan,nan
32.393865546218485,nan,nan,nan
32.4272268907563,nan,nan,nan
32.46058823529412,nan,nan,nan
32.493949579831934,nan,nan,nan
32.52731092436974,nan,nan,nan
32.56067226890756,nan,nan,nan
32.594033613445376,nan,nan,nan
32.62739495798319,nan,nan,nan
32.66075630252101,nan,nan,nan
32.694117647058825,nan,nan,nan
32.727478991596634,nan,nan,nan
32.76084033613445,nan,nan,nan
32.794201680672266,nan,nan,nan
32.82756302521008,nan,nan,nan
32.8609243697479,nan,nan,nan
32.894285714285715,nan,nan,nan
32.92764705882353,nan,nan,nan
32.96100840336134,nan,nan,nan
32.99436974789916,nan,nan,nan
33.02773109243697,nan,nan,nan
33.06109243697479,nan,nan,nan
33.094453781512605,nan,nan,nan
33.12781512605042,nan,nan,nan
33.16117647058823,nan,nan,nan
33.19453781512605,nan,nan,nan
33.22789915966386,nan,nan,nan
33.26126050420168,nan,nan,nan
33.294621848739496,nan,nan,nan
33.32798319327731,nan,nan,nan
33.36134453781512,nan,nan,nan
33.39470588235294,nan,nan,nan
33.428067226890754,nan,nan,nan
33.46142857142857,nan,nan,nan
33.494789915966386,nan,nan,nan
33.5281512605042,nan,nan,nan
33.56151260504202,nan,nan,nan
33.59487394957983,nan,nan,nan
33.628235294117644,nan,nan,nan
33.66159663865546,nan,nan,nan
33.69495798319328,nan,nan,nan
33.72831932773109,nan,nan,nan
33.76168067226891,nan,nan,nan
33.79504201680672,nan,nan,nan
33.828403361344535,nan,nan,nan
33.86176470588235,nan,nan,nan
33.89512605042017,nan,nan,nan
33.92848739495798,nan,nan,nan
33.9618487394958,nan,nan,nan
33.99521008403361,nan,nan,nan
34.028571428571425,98.53110123786036,90.18508241353724,158.84209099912525
34.06193277310924,97.87216175427861,89.09164917866231,157.41090826388188
34.09529411764706,92.83944144945369,84.95390256656044,158.40874125846938
34.128655462184874,nan,nan,nan
34.16201680672269,89.03180392488687,78.94927177245023,158.91334004802064
34.1953781512605,85.8580270419379,79.00902182390239,159.75304961093318
34.228739495798315,85.59800594470305,78.44386041038682,159.81541406790416
34.26210084033613,81.90513037458986,77.33450781968554,156.5944653769407
34.29546218487395,78.71213573872843,73.95565801224406,154.46145980384443
34.328823529411764,79.61137957749406,70.65031534133999,151.23402283505143
34.36218487394958,82.28484084353131,71.10758299057832,154.7331912741553
34.3955462184874,82.63816764360074,70.38919194501044,156.08946204499216
34.428907563025206,80.74020873946024,71.32880177021198,153.26322714038017
34.46226890756302,78.57337196650683,70.39801178344331,148.78491249801746
34.49563025210084,83.78402256584049,72.61349773994152,150.71636853596078
34.528991596638654,86.22324544158364,73.20990402019153,155.03755924411902
34.56235294117647,86.50293266953426,73.95125203422856,157.1256829635781
34.59571428571429,86.3635516865307,75.41102400941692,152.02443313192978
34.629075630252096,87.64019718312247,74.11288472416604,151.22130572685114
34.66243697478991,92.45271876712451,75.18104115508008,153.0172618879533
34.69579831932773,95.11583135243987,77.1396683634379,155.57478458039498
34.729159663865545,98.80496086334854,80.01567050905948,156.6715810271626
34.76252100840336,103.21767060131934,84.90057438005812,155.29547185539488
34.79588235294118,107.26809663392102,87.54902192724947,153.3686995825347
34.82924369747899,109.0747553238305,90.78806530344671,147.0776249034338
34.8626050420168,111.05465219515261,93.13158018634105,150.42355594473682
34.89596638655462,113.57448944336882,96.27612080766059,152.4191393855288
34.929327731092435,115.16513354445708,98.47116926768528,154.77127666574674
34.96268907563025,113.41492049831777,96.03172189461102,155.795362423457
34.99605042016807,114.07919239149636,98.40191066497609,152.7935335889081
35.029411764705884,122.23534900401158,107.00605134405124,156.54735683349418
35.06277310924369,126.41129141560877,110.9665864737613,159.83520178627091
35.09613445378151,130.6205155158626,116.4312849097078,164.31475861955317
35.129495798319326,132.4606321630916,118.93673717279259,165.3767123406434
35.16285714285714,134.91626127030844,120.23600623607088,167.04306406509153
35.19621848739496,138.86201133020427,124.11520015571473,163.29481636793204
35.229579831932774,nan,nan,nan
35.262941176470584,nan,nan,nan
35.2963025210084,nan,nan,nan
35.329663865546216,nan,nan,nan
35.36302521008403,nan,nan,nan
35.39638655462185,nan,nan,nan
35.429747899159665,nan,nan,nan
35.463109243697474,nan,nan,nan
35.49647058823529,nan,nan,nan
35.52983193277311,nan,nan,nan
35.56319327731092,nan,nan,nan
35.59655462184874,nan,nan,nan
35.629915966386555,nan,nan,nan
35.66327731092437,nan,nan,nan
35.69663865546218,nan,nan,nan
35.73,nan,nan,nan
35.76336134453781,nan,nan,nan
35.79672268907563,nan,nan,nan
35.830084033613446,nan,nan,nan
35.86344537815126,nan,nan,nan
35.89680672268907,nan,nan,nan
35.93016806722689,nan,nan,nan
35.9635294117647,nan,nan,nan
35.99689075630252,nan,nan,nan
36.030252100840336,nan,nan,nan
36.06361344537815,nan,nan,nan
36.09697478991596,nan,nan,nan
36.13033613445378,nan,nan,nan
36.163697478991594,nan,nan,nan
36.19705882352941,nan,nan,nan
36.230420168067226,nan,nan,nan
36.26378151260504,nan,nan,nan
36.29714285714286,nan,nan,nan
36.33050420168067,nan,nan,nan
36.363865546218484,nan,nan,nan
36.3972268907563,nan,nan,nan
36.43058823529412,nan,nan,nan
36.46394957983193,nan,nan,nan
36.49731092436975,nan,nan,nan
36.53067226890756,nan,nan,nan
36.564033613445375,nan,nan,nan
36.59739495798319,nan,nan,nan
36.63075630252101,nan,nan,nan
36.66411764705882,nan,nan,nan
36.69747899159664,nan,nan,nan
36.73084033613445,nan,nan,nan
36.764201680672265,nan,nan,nan
36.79756302521008,nan,nan,nan
36.8309243697479,nan,nan,nan
36.864285714285714,nan,nan,nan
36.89764705882353,nan,nan,nan
36.93100840336134,nan,nan,nan
36.964369747899156,nan,nan,nan
36.99773109243697,nan,nan,nan
37.03109243697479,nan,nan,nan
37.064453781512604,nan,nan,nan
37.09781512605042,nan,nan,nan
37.13117647058824,nan,nan,nan
37.164537815126046,nan,nan,nan
37.19789915966386,nan,nan,nan
37.23126050420168,nan,nan,nan
37.264621848739495,nan,nan,nan
37.29798319327731,nan,nan,nan
37.33134453781513,nan,nan,nan
37.364705882352936,nan,nan,nan
37.39806722689075,nan,nan,nan
37.43142857142857,nan,nan,nan
37.464789915966385,nan,nan,nan
37.4981512605042,nan,nan,nan
37.53151260504202,nan,nan,nan
37.56487394957983,nan,nan,nan
37.59823529411764,nan,nan,nan
37.63159663865546,nan,nan,nan
37.664957983193275,nan,nan,nan
37.69831932773109,nan,nan,nan
37.73168067226891,nan,nan,nan
37.765042016806724,nan,nan,nan
37.79840336134453,nan,nan,nan
37.83176470588235,nan,nan,nan
37.865126050420166,nan,nan,nan
37.89848739495798,nan,nan,nan
37.9318487394958,nan,nan,nan
37.965210084033615,nan,nan,nan
37.998571428571424,nan,nan,nan
38.03193277310924,nan,nan,nan
38.065294117647056,nan,nan,nan
38.09865546218487,nan,nan,nan
38.13201680672269,nan,nan,nan
38.165378151260505,nan,nan,nan
38.198739495798314,nan,nan,nan
38.23210084033613,nan,nan,nan
38.26546218487395,nan,nan,nan
38.29882352941176,nan,nan,nan
38.33218487394958,109.41119451088224,89.50234346968915,169.05080539145135
38.365546218487395,111.90523020596792,90.32369978764432,172.8178978807088
38.39890756302521,112.62345964076049,93.99252368458535,169.4162130239699
38.43226890756302,116.46511779215253,97.39824899167046,168.97935032135192
38.46563025210084,120.21596137853591,100.27355273991907,170.84456079041746
38.49899159663865,124.1308212354637,103.36091925302938,171.31380858135643
38.53235294117647,124.43387603688461,103.53388536177253,171.94237181819818
38.565714285714286,124.7965689844106,104.21538744917781,173.78033771131814
38.5990756302521,126.60178903477505,105.65466073016121,175.23007619294557
38.63243697478991,126.22867505969167,105.58606152072407,174.95395844961203
38.66579831932773,128.1198123879263,106.87278673660617,175.89275104260744
38.699159663865544,129.44923097197483,106.52720515524234,176.78073439589843
38.73252100840336,130.8237533470951,106.26639031904294,175.16318114051643
38.765882352941176,131.27428263099517,106.8813263168176,177.98113108436118
38.79924369747899,129.98805738396933,104.68196314042393,178.91577283084737
38.8326050420168,129.9012108640912,105.7636196897436,177.87653189478252
38.86596638655462,129.98300431274757,107.01662538533738,177.37858883763732
38.899327731092434,127.22149457519505,105.73488531029162,177.54268202566263
38.93268907563025,127.46455608636255,106.20139978637947,178.71253796534202
38.96605042016807,127.47772246888832,105.59426350013271,177.95606055608957
38.99941176470588,126.87561526257676,105.19910084277709,178.65926762354846
39.0327731092437,129.71302448824233,105.02859437075529,178.7430715967288
39.06613445378151,130.02967307293187,108.20393058954546,179.39331887951045
39.099495798319325,132.44294774955645,109.92714749266602,178.835175627583
39.13285714285714,133.45319849643496,109.8283915325419,179.40566035560798
39.16621848739496,137.82176869063736,111.3317863826023,170.31074643771643
39.19957983193277,139.88035848074492,111.99105628837859,165.18069871852566
39.23294117647059,140.55232127627144,111.35706393329683,165.00343084399614
39.2663025210084,139.74683523089234,110.32006762322361,162.92226697129098
39.299663865546215,139.05341218168564,108.59862196248856,157.1865752795099
39.33302521008403,138.00059002617866,107.12571803910765,158.64953252013623
39.36638655462185,137.81952244901925,110.0545833171469,160.1046876137526
39.399747899159664,135.1244366411003,108.18227617008009,163.20482370708572
39.43310924369748,136.2772787729942,105.0019578895934,158.70241538385878
39.46647058823529,134.23913040711037,104.98008357188245,163.85331219260843
39.499831932773105,136.89167459469164,106.0663417396687,157.46398099581842
39.53319327731092,136.0812386561815,103.16110260346315,156.95158753072602
39.56655462184874,137.89458688796617,107.82642684266995,158.59462662052002
39.599915966386554,137.08511996373792,104.45922642055811,155.30620195819816
39.63327731092437,136.74459231178318,103.53512493682928,155.02617307324252
39.66663865546218,133.48150545159794,102.54964173605433,162.29578067185162
